City_ID,City,Country,Datetime,Lat,Lng,Temperature,Humidity,Cloud Coverage,Wind Speed
0,taolanaro,IN,2020-04-15 04:32:38,21.12,70.12,91.38,35.0,18.0,11.97
1,mangrol,GB,2020-04-15 04:32:38,54.33,-2.75,41.0,80.0,90.0,1.99
2,kendal,MV,2020-04-15 04:32:38,-0.6,73.08,84.97,65.0,34.0,1.86
3,hithadhoo,CN,2020-04-15 04:32:38,45.55,131.88,54.39,34.0,0.0,10.07
4,tabiauea,GL,2020-04-15 04:32:38,65.61,-37.64,24.8,68.0,2.0,1.12
5,mishan,US,2020-04-15 04:30:22,22.08,-159.32,78.8,94.0,40.0,6.93
6,tasiilaq,EC,2020-04-15 04:32:39,-0.74,-90.35,79.0,92.0,98.0,3.0
7,samusu,ZA,2020-04-15 04:32:39,-33.92,25.57,60.8,93.0,90.0,5.82
8,kapaa,PG,2020-04-15 04:32:39,-10.62,150.67,83.93,77.0,4.0,10.65
9,puerto ayora,CA,2020-04-15 04:32:39,63.75,-68.51,17.6,61.0,75.0,10.29
10,port elizabeth,PF,2020-04-15 04:32:39,-23.12,-134.97,75.96,65.0,34.0,4.68
11,aflu,PT,2020-04-15 04:23:20,33.08,-16.33,60.8,67.0,75.0,16.11
12,samarai,BR,2020-04-15 04:29:45,-24.79,-50.01,52.66,65.0,0.0,2.93
13,iqaluit,RU,2020-04-15 04:23:11,51.71,143.23,30.9,94.0,100.0,14.9
14,rikitea,CA,2020-04-15 04:22:40,62.46,-114.35,30.2,68.0,75.0,12.75
15,camacha,CD,2020-04-15 04:32:40,-11.66,27.48,66.16,66.0,94.0,2.51
16,castro,IN,2020-04-15 04:32:40,25.55,80.72,104.16,14.0,75.0,6.58
17,katangli,HN,2020-04-15 04:32:40,15.37,-87.93,74.97,75.0,3.0,1.25
18,yellowknife,CL,2020-04-15 04:30:23,-53.15,-70.92,46.4,87.0,75.0,9.17
19,lubumbashi,NZ,2020-04-15 04:32:40,-46.19,168.86,48.99,92.0,100.0,5.99
20,baberu,MX,2020-04-15 04:22:46,22.89,-109.91,72.0,45.0,5.0,9.73
21,la sabana,ML,2020-04-15 04:23:14,22.68,-3.98,70.16,64.0,100.0,12.77
22,punta arenas,US,2020-04-15 04:27:55,19.73,-155.09,77.0,69.0,90.0,5.82
23,mataura,ZA,2020-04-15 04:32:41,-34.42,19.23,57.0,80.0,93.0,1.01
24,cabo san lucas,GL,2020-04-15 04:22:59,72.79,-56.15,20.41,92.0,97.0,4.32
25,taoudenni,SB,2020-04-15 04:21:25,-9.43,159.95,86.0,79.0,75.0,2.66
26,hilo,BB,2020-04-15 04:28:08,13.07,-59.53,78.8,74.0,40.0,13.87
27,attawapiskat,MM,2020-04-15 04:32:42,17.3,97.02,95.92,31.0,53.0,7.18
28,hermanus,RU,2020-04-15 04:22:44,69.7,170.31,13.5,91.0,27.0,2.48
29,upernavik,US,2020-04-15 04:18:55,34.64,-120.46,61.0,87.0,1.0,10.49
30,honiara,ID,2020-04-15 04:18:49,-3.8,102.27,85.01,71.0,92.0,1.14
31,oistins,CK,2020-04-15 04:32:42,-21.21,-159.78,78.8,69.0,86.0,3.36
32,kyaikto,JP,2020-04-15 04:23:19,35.73,140.83,72.0,39.0,75.0,13.87
33,pevek,ZA,2020-04-15 04:32:42,-33.02,27.91,60.8,93.0,75.0,13.87
34,lompoc,ZA,2020-04-15 04:32:43,-33.59,26.89,62.01,97.0,52.0,1.01
35,bengkulu,RU,2020-04-15 04:32:43,56.26,32.07,34.09,80.0,98.0,8.63
36,avarua,AU,2020-04-15 04:31:10,-41.07,145.92,61.0,84.0,100.0,3.0
37,hasaki,US,2020-04-15 04:32:43,42.1,-79.24,37.4,92.0,90.0,11.41
38,saleaula,CN,2020-04-15 04:28:17,22.55,114.07,78.01,56.0,97.0,6.71
39,east london,ZA,2020-04-15 04:32:43,-33.93,18.42,57.99,87.0,100.0,2.24
40,port alfred,TL,2020-04-15 04:32:44,-8.93,125.41,68.67,67.0,85.0,3.09
41,zapadnaya dvina,RU,2020-04-15 04:32:44,68.75,161.3,7.48,94.0,98.0,8.41
42,burnie,NO,2020-04-15 04:32:44,69.65,18.96,30.2,92.0,90.0,10.29
43,mys shmidta,AR,2020-04-15 04:32:44,-54.8,-68.3,46.4,75.0,40.0,5.35
44,belushya guba,RU,2020-04-15 04:32:44,45.48,133.42,53.6,37.0,0.0,11.56
45,jamestown,MY,2020-04-15 04:32:45,5.41,100.34,91.4,66.0,20.0,5.82
46,shenzhen,AU,2020-04-15 04:22:45,-34.73,135.87,77.36,28.0,100.0,17.72
47,cape town,KI,2020-04-15 04:32:45,3.07,172.79,83.55,80.0,45.0,15.1
48,airai,BR,2020-04-15 04:32:45,-22.97,-42.03,75.2,88.0,20.0,12.75
49,cherskiy,MU,2020-04-15 04:32:45,-20.34,57.76,79.0,78.0,75.0,14.99
50,tromso,US,2020-04-15 04:30:01,42.6,-73.97,43.0,38.0,90.0,8.9
51,ushuaia,IN,2020-04-15 04:32:45,27.22,77.48,103.39,10.0,100.0,7.0
52,lesozavodsk,NO,2020-04-15 04:32:46,67.67,12.69,33.8,75.0,40.0,3.36
53,georgetown,RE,2020-04-15 04:32:46,-21.36,55.77,78.8,83.0,75.0,18.34
54,port lincoln,US,2020-04-15 04:30:27,41.28,-70.1,48.2,93.0,90.0,8.05
55,butaritari,PT,2020-04-15 04:32:46,40.16,-8.33,54.0,87.0,40.0,11.41
56,arraial do cabo,IT,2020-04-15 04:32:46,46.62,10.7,37.99,80.0,5.0,3.36
57,bambous virieux,CA,2020-04-15 04:32:47,53.92,-122.75,41.0,75.0,90.0,14.99
58,albany,US,2020-04-15 04:30:00,57.79,-152.41,42.8,87.0,90.0,6.93
59,bharatpur,ZA,2020-04-15 04:32:47,-34.53,20.04,55.4,93.0,78.0,3.36
60,sorland,RU,2020-04-15 04:32:47,71.69,128.87,6.22,93.0,100.0,14.09
61,saint-philippe,PT,2020-04-15 04:32:47,38.52,-28.7,55.22,71.0,76.0,23.11
62,nantucket,AU,2020-04-15 04:32:47,-24.87,113.63,82.4,48.0,48.0,23.04
63,lata,DO,2020-04-15 04:32:48,19.77,-70.52,77.0,88.0,20.0,4.7
64,lasa,CA,2020-04-15 04:23:04,50.2,-66.38,34.0,47.0,20.0,10.29
65,prince george,MX,2020-04-15 04:32:48,18.7,-95.5,79.12,87.0,60.0,9.01
66,kodiak,US,2020-04-15 04:21:07,36.85,-75.98,54.0,76.0,90.0,4.7
67,bredasdorp,US,2020-04-15 04:32:48,41.17,-81.2,36.0,50.0,1.0,6.93
68,tiksi,RU,2020-04-15 04:32:49,65.99,57.53,31.32,99.0,91.0,6.17
69,ribeira grande,AR,2020-04-15 04:32:49,-42.77,-65.04,58.35,68.0,97.0,19.73
70,carnarvon,PF,2020-04-15 04:32:49,-9.8,-139.03,82.53,67.0,32.0,4.97
71,sosua,CA,2020-04-15 04:32:49,69.45,-133.04,21.2,92.0,75.0,9.17
72,sept-iles,BR,2020-04-15 04:23:00,-30.18,-50.21,61.21,73.0,42.0,20.65
73,mundo nuevo,CF,2020-04-15 04:32:49,4.99,19.96,78.94,69.0,7.0,3.42
74,virginia beach,CA,2020-04-15 04:28:08,55.74,-97.86,6.8,55.0,5.0,3.36
75,portage,GH,2020-04-15 04:32:50,4.88,-1.76,80.67,85.0,53.0,5.03
76,usinsk,ID,2020-04-15 04:32:50,-6.88,112.21,87.53,65.0,13.0,5.06
77,puerto madryn,NZ,2020-04-15 04:32:50,-46.6,168.33,48.99,92.0,100.0,5.99
78,atuona,RU,2020-04-15 04:29:05,69.38,178.42,15.1,93.0,100.0,3.65
79,tuktoyaktuk,UZ,2020-04-15 04:32:50,40.43,71.72,51.8,87.0,75.0,6.93
80,cidreira,AU,2020-04-15 04:32:51,-33.65,115.33,73.0,34.0,36.0,14.97
81,kouango,AO,2020-04-15 04:32:51,-8.19,15.38,66.33,69.0,97.0,2.1
82,thompson,US,2020-04-15 04:32:51,71.29,-156.79,10.4,92.0,90.0,17.22
83,takoradi,GL,2020-04-15 04:32:51,77.48,-69.36,11.43,92.0,100.0,2.8
84,labuhan,RU,2020-04-15 04:32:51,59.7,30.79,35.01,82.0,90.0,4.47
85,bluff,CN,2020-04-15 04:32:51,24.19,102.82,79.83,14.0,0.0,13.27
86,leningradskiy,GL,2020-04-15 04:32:51,64.18,-51.72,28.4,63.0,97.0,14.99
87,komsomolskiy,MZ,2020-04-15 04:32:52,-23.86,35.38,78.8,88.0,40.0,8.05
88,busselton,AU,2020-04-15 04:32:52,-42.78,147.06,61.0,93.0,90.0,8.05
89,camabatela,RU,2020-04-15 04:32:52,71.92,114.08,1.27,91.0,99.0,10.56
90,barrow,BR,2020-04-15 04:32:52,-15.86,-38.88,73.4,94.0,40.0,5.82
91,qaanaaq,US,2020-04-15 04:30:18,37.1,-113.58,55.99,24.0,1.0,4.7
92,nikolskoye,DZ,2020-04-15 04:30:05,36.75,3.04,57.2,93.0,20.0,6.93
93,xingyi,US,2020-04-15 04:31:58,41.14,-73.36,50.0,61.0,20.0,4.7
94,nuuk,CV,2020-04-15 04:32:53,14.9,-24.5,71.53,77.0,89.0,12.68
95,mahadday weyne,AF,2020-04-15 04:32:53,34.49,69.27,57.2,82.0,20.0,1.12
96,inhambane,BR,2020-04-15 04:30:44,-5.79,-35.21,78.8,94.0,75.0,2.24
97,new norfolk,RU,2020-04-15 04:32:53,69.49,88.4,1.4,77.0,1.0,13.42
98,saskylakh,NA,2020-04-15 04:32:54,-22.96,14.51,55.99,100.0,0.0,4.7
99,belmonte,AU,2020-04-15 04:32:54,-15.77,128.73,96.8,23.0,32.0,5.82
100,amderma,US,2020-04-15 04:28:07,45.52,-122.68,55.99,62.0,20.0,8.05
101,saint george,GB,2020-04-15 04:32:54,53.39,-2.58,41.0,93.0,84.0,1.12
102,algiers,AU,2020-04-15 04:32:54,-13.85,136.42,89.6,59.0,75.0,8.05
103,westport,NZ,2020-04-15 04:32:55,-46.13,167.68,48.99,92.0,100.0,5.99
104,sao filipe,EG,2020-04-15 04:32:55,31.35,27.25,59.0,51.0,98.0,13.87
105,bagrami,IN,2020-04-15 04:31:19,19.08,74.73,100.18,10.0,0.0,15.5
106,natal,NG,2020-04-15 04:32:55,7.38,8.57,79.86,77.0,43.0,7.29
107,nguiu,RU,2020-04-15 04:32:55,56.95,90.67,58.6,53.0,86.0,1.21
108,talnakh,ZA,2020-04-15 04:32:56,-31.47,19.78,53.11,42.0,79.0,3.89
109,walvis bay,MX,2020-04-15 04:32:56,20.87,-90.4,78.53,86.0,35.0,8.61
110,shchelyayur,ZA,2020-04-15 04:32:56,-29.66,22.75,56.44,48.0,8.0,7.31
111,kununurra,PE,2020-04-15 04:32:56,-10.07,-78.15,73.51,75.0,4.0,5.86
112,portland,AO,2020-04-15 04:32:56,-15.2,12.15,74.53,70.0,31.0,3.51
113,warrington,MX,2020-04-15 04:32:56,27.98,-114.06,62.06,79.0,60.0,13.35
114,bargal,US,2020-04-15 04:32:57,38.42,-121.42,68.0,41.0,1.0,2.55
115,alyangula,IN,2020-04-15 04:23:19,10.57,72.64,87.8,66.0,20.0,4.07
116,tuatapere,BR,2020-04-15 04:32:57,-14.45,-56.85,72.57,89.0,99.0,5.7
117,marsa matruh,NZ,2020-04-15 04:32:57,-46.28,169.85,51.01,72.0,100.0,4.0
118,kamenskoye,MX,2020-04-15 04:32:57,17.96,-102.2,71.19,83.0,98.0,2.91
119,barentsburg,UY,2020-04-15 04:32:58,-33.7,-53.46,59.36,87.0,100.0,26.87
120,ahmadnagar,CA,2020-04-15 04:32:58,70.47,-68.59,-5.8,83.0,1.0,3.36
121,sedelnikovo,CN,2020-04-15 04:32:58,37.73,115.7,81.73,27.0,43.0,14.72
122,yaan,NO,2020-04-15 04:32:58,68.38,17.6,35.01,100.0,98.0,14.99
123,novobirilyussy,AU,2020-04-15 04:32:58,-31.95,141.43,84.2,25.0,30.0,17.22
124,calvinia,BR,2020-04-15 04:32:58,-23.91,-52.34,57.99,85.0,0.0,1.99
125,celestun,CA,2020-04-15 04:23:17,50.1,-91.92,19.4,57.0,75.0,3.36
126,prieska,CL,2020-04-15 04:32:59,-35.33,-72.42,53.73,59.0,55.0,2.15
127,huarmey,AU,2020-04-15 04:28:19,-31.43,152.92,84.99,57.0,0.0,9.8
128,namibe,US,2020-04-15 04:32:59,39.76,-105.22,39.99,32.0,40.0,5.82
129,guerrero negro,RU,2020-04-15 04:32:59,50.68,156.12,31.82,93.0,100.0,12.01
130,laguna,AU,2020-04-15 04:33:00,-32.5,137.77,87.8,13.0,93.0,23.04
131,kavaratti,PE,2020-04-15 04:33:00,-5.23,-75.68,75.65,78.0,23.0,1.5
132,arenapolis,BR,2020-04-15 04:33:00,-7.47,-34.81,77.0,94.0,20.0,2.24
133,kaitangata,PF,2020-04-15 04:23:20,-22.43,-151.33,77.29,65.0,25.0,11.43
134,lazaro cardenas,CV,2020-04-15 04:33:01,14.92,-23.51,69.8,77.0,82.0,13.87
135,nizhneyansk,SJ,2020-04-15 04:33:01,78.22,15.64,33.8,64.0,75.0,25.28
136,chuy,MU,2020-04-15 04:33:01,-20.41,57.7,79.0,78.0,75.0,14.99
137,clyde river,BR,2020-04-15 04:33:01,-21.64,-41.05,74.01,85.0,53.0,12.64
138,hengshui,ML,2020-04-15 04:33:01,18.9,-3.53,76.95,45.0,100.0,17.72
139,beisfjord,CN,2020-04-15 04:33:02,27.73,112.53,79.03,48.0,0.0,8.37
140,broken hill,GF,2020-04-15 04:30:03,4.93,-52.33,75.2,94.0,89.0,2.24
141,peabiru,AR,2020-04-15 04:30:36,-38.0,-57.56,60.01,77.0,75.0,13.87
142,sioux lookout,KH,2020-04-15 04:33:02,10.62,104.18,86.0,70.0,40.0,8.05
143,constitucion,CN,2020-04-15 04:33:02,30.3,108.85,71.58,30.0,0.0,2.93
144,port macquarie,US,2020-04-15 04:30:33,47.5,-120.5,59.0,33.0,1.0,11.41
145,golden,AU,2020-04-15 04:33:03,-20.1,146.27,84.42,40.0,1.0,11.81
146,severo-kurilsk,NZ,2020-04-15 04:33:03,-41.8,172.33,47.82,69.0,93.0,2.15
147,port augusta,US,2020-04-15 04:33:03,40.81,-74.0,51.01,46.0,90.0,5.82
148,lagunas,MX,2020-04-15 04:33:03,16.52,-98.75,76.62,75.0,86.0,3.58
149,pitimbu,MX,2020-04-15 04:33:03,23.38,-105.38,50.9,22.0,63.0,3.83
150,moerai,CN,2020-04-15 04:33:04,47.87,88.12,54.59,36.0,85.0,5.39
151,praia,PE,2020-04-15 04:29:47,-8.12,-79.03,74.84,73.0,16.0,5.73
152,longyearbyen,ZW,2020-04-15 04:33:04,-21.05,31.67,75.09,53.0,4.0,2.82
153,mahebourg,GB,2020-04-15 04:33:04,51.03,-4.22,41.0,86.0,10.0,1.01
154,sao joao da barra,ID,2020-04-15 04:33:04,5.89,95.32,85.35,72.0,17.0,8.52
155,araouane,GH,2020-04-15 04:32:04,5.26,-0.76,80.22,87.0,24.0,7.2
156,xiangxiang,BR,2020-04-15 04:31:45,-3.41,-39.03,82.4,74.0,75.0,1.12
157,cayenne,TO,2020-04-15 04:33:05,-21.2,-175.2,80.6,78.0,20.0,5.82
158,mar del plata,AR,2020-04-15 04:33:05,-40.81,-63.0,52.66,79.0,18.0,8.63
159,kampot,CN,2020-04-15 04:23:12,42.54,129.0,59.77,28.0,44.0,6.26
160,lichuan,TR,2020-04-15 04:33:05,36.96,36.2,59.0,93.0,45.0,1.12
161,sentyabrskiy,CG,2020-04-15 04:33:06,-4.78,11.86,79.16,90.0,100.0,5.12
162,washington,PG,2020-04-15 04:33:06,-3.67,152.43,84.16,67.0,91.0,1.03
163,barawe,RU,2020-04-15 04:33:06,63.01,112.47,31.37,83.0,99.0,7.85
164,charters towers,NZ,2020-04-15 04:32:54,-43.53,172.63,54.0,57.0,36.0,11.41
165,murchison,IN,2020-04-15 04:33:07,25.52,90.22,95.4,27.0,25.0,5.86
166,fairview,RU,2020-04-15 04:33:07,66.8,65.81,33.85,89.0,100.0,5.93
167,tecoanapa,IT,2020-04-15 04:33:07,41.07,16.93,53.01,61.0,26.0,9.17
168,pueblo nuevo,MU,2020-04-15 04:33:07,-20.52,57.52,79.0,78.0,75.0,14.99
169,altay,IS,2020-04-15 04:33:07,65.68,-18.09,39.2,55.0,75.0,16.11
170,trujillo,ID,2020-04-15 04:33:07,-0.58,117.09,95.25,44.0,95.0,3.0
171,grand river south east,RE,2020-04-15 04:33:07,-21.34,55.48,78.8,83.0,75.0,18.34
172,chiredzi,MX,2020-04-15 04:33:08,19.22,-104.7,71.2,67.0,72.0,4.07
173,northam,CA,2020-04-15 04:33:08,47.67,-52.73,39.99,100.0,90.0,16.11
174,sabang,GA,2020-04-15 04:33:08,-1.22,10.58,76.17,91.0,95.0,1.43
175,mumford,IS,2020-04-15 04:33:08,63.44,-20.27,39.65,75.0,99.0,23.96
176,karkaralinsk,BI,2020-04-15 04:33:09,-3.85,29.63,62.37,54.0,98.0,0.85
177,paracuru,NZ,2020-04-15 04:33:09,-45.42,167.72,48.34,68.0,96.0,5.86
178,vaini,BR,2020-04-15 04:33:09,-9.01,-35.22,77.52,78.0,47.0,2.53
179,viedma,CL,2020-04-15 04:33:09,-41.87,-73.82,50.0,100.0,90.0,16.11
180,helong,US,2020-04-15 04:33:09,40.81,-74.19,51.01,46.0,90.0,5.82
181,macaboboni,AR,2020-04-15 04:23:15,-51.62,-69.22,37.4,86.0,8.0,4.7
182,erzin,RU,2020-04-15 04:33:10,55.44,38.59,35.6,74.0,100.0,4.47
183,pointe-noire,RU,2020-04-15 04:33:10,71.97,102.5,7.11,90.0,69.0,3.33
184,namatanai,AO,2020-04-15 04:33:10,-12.02,17.48,63.19,64.0,100.0,1.92
185,chernyshevskiy,LY,2020-04-15 04:33:10,32.95,11.87,64.44,80.0,100.0,9.84
186,christchurch,LR,2020-04-15 04:33:10,7.0,-9.47,73.36,91.0,100.0,0.81
187,tura,NU,2020-04-15 04:33:10,-19.06,-169.92,80.6,74.0,95.0,8.05
188,kharp,IS,2020-04-15 04:33:10,66.04,-17.34,39.2,55.0,75.0,16.11
189,triggiano,RU,2020-04-15 04:33:11,73.51,80.55,12.09,91.0,40.0,8.93
190,lolua,IN,2020-04-15 04:33:11,21.64,69.61,90.28,39.0,27.0,14.27
191,souillac,US,2020-04-15 04:29:18,40.13,-77.0,39.99,86.0,90.0,6.93
192,akureyri,RU,2020-04-15 04:33:11,69.3,139.9,1.6,88.0,100.0,4.43
193,loa janan,MN,2020-04-15 04:33:11,46.68,113.28,48.54,34.0,94.0,9.82
194,saint-pierre,HK,2020-04-15 04:33:11,22.29,114.16,79.0,53.0,20.0,6.93
195,san patricio,TC,2020-04-15 04:30:16,21.46,-71.14,78.39,82.0,1.0,17.9
196,torbay,FO,2020-04-15 04:33:12,62.23,-6.59,44.6,100.0,93.0,9.17
197,fougamou,CD,2020-04-15 04:33:12,-6.42,20.8,75.04,79.0,96.0,1.66
198,vestmannaeyjar,NO,2020-04-15 04:33:12,71.0,24.66,32.0,94.0,75.0,23.04
199,tumannyy,GL,2020-04-15 04:33:12,69.22,-51.1,24.8,79.0,93.0,6.93
200,bururi,RU,2020-04-15 04:33:12,59.38,143.3,33.71,82.0,0.0,4.03
201,te anau,CA,2020-04-15 04:33:12,48.65,-53.11,39.0,82.0,74.0,8.01
202,maragogi,VE,2020-04-15 04:33:12,7.77,-72.22,66.81,58.0,30.0,1.7
203,ancud,FI,2020-04-15 04:33:12,60.8,21.41,33.8,81.0,90.0,5.82
204,tawkar,RU,2020-04-15 04:33:13,46.54,138.33,39.15,74.0,33.0,4.34
205,bloomfield,MX,2020-04-15 04:33:13,16.88,-92.15,63.27,51.0,94.0,0.76
206,rio gallegos,ML,2020-04-15 04:33:13,20.2,1.01,76.44,34.0,99.0,19.42
207,ashitkovo,US,2020-04-15 04:32:00,43.31,-73.64,41.0,51.0,90.0,4.74
208,khatanga,RU,2020-04-15 04:33:13,59.57,150.8,28.81,93.0,90.0,4.32
209,camacupa,NZ,2020-04-15 04:33:14,-41.41,175.52,55.99,50.0,58.0,8.05
210,zaltan,PR,2020-04-15 04:33:14,18.43,-65.83,78.8,83.0,40.0,5.82
211,gbarnga,AR,2020-04-15 04:33:14,-28.47,-65.79,46.99,87.0,0.0,4.0
212,alofi,CN,2020-04-15 04:33:14,44.3,86.03,67.86,37.0,96.0,7.05
213,husavik,RU,2020-04-15 04:33:14,64.38,-173.3,32.0,97.0,90.0,6.71
214,dikson,KE,2020-04-15 04:33:14,3.94,41.87,71.01,22.0,100.0,1.01
215,porbandar,CN,2020-04-15 04:33:14,41.76,86.15,75.49,14.0,89.0,11.95
216,york,NO,2020-04-15 04:33:15,70.86,29.09,37.22,83.0,73.0,18.86
217,deputatskiy,NG,2020-04-15 04:33:15,12.87,11.05,77.0,15.0,0.0,9.13
218,baruun-urt,US,2020-04-15 04:33:15,40.6,-124.16,53.01,71.0,1.0,8.05
219,victoria,BR,2020-04-15 04:33:15,-2.92,-39.92,74.48,87.0,90.0,3.49
220,cockburn town,GN,2020-04-15 04:33:16,11.32,-12.28,66.81,64.0,99.0,0.36
221,klaksvik,CO,2020-04-15 04:33:16,4.35,-72.46,80.82,56.0,32.0,2.35
222,tshikapa,US,2020-04-15 04:23:16,64.5,-165.41,33.8,97.0,90.0,9.17
223,havoysund,EC,2020-04-15 04:33:16,-2.23,-80.9,75.02,85.0,87.0,2.44
224,ilulissat,MR,2020-04-15 04:33:16,20.93,-17.03,62.6,88.0,0.0,9.17
225,okhotsk,BR,2020-04-15 04:33:16,-15.97,-54.97,71.01,84.0,100.0,3.98
226,bonavista,RU,2020-04-15 04:33:17,61.36,63.58,38.3,93.0,100.0,2.59
227,san cristobal,LR,2020-04-15 04:33:17,4.38,-7.72,79.48,84.0,51.0,2.59
228,uusikaupunki,RU,2020-04-15 04:33:17,64.75,177.48,15.8,85.0,75.0,8.95
229,svetlaya,BR,2020-04-15 04:33:17,-5.2,-35.46,78.8,94.0,75.0,2.24
230,altamirano,AR,2020-04-15 04:33:18,-43.25,-65.31,57.47,68.0,92.0,17.92
231,ngukurr,AU,2020-04-15 04:33:18,-20.32,118.57,96.8,39.0,83.0,9.17
232,illoqqortoormiut,US,2020-04-15 04:33:18,38.89,-76.51,46.4,87.0,90.0,10.29
233,tessalit,PE,2020-04-15 04:33:18,-11.95,-75.28,47.66,25.0,55.0,1.9
234,glens falls,RU,2020-04-15 04:33:18,50.46,40.11,38.44,89.0,100.0,18.54
235,magadan,CZ,2020-04-15 04:33:19,49.63,14.05,34.0,68.0,5.0,8.05
236,waipawa,DZ,2020-04-15 04:33:19,36.37,6.61,48.2,93.0,20.0,2.24
237,vieques,PH,2020-04-15 04:33:19,14.28,122.79,83.05,75.0,7.0,6.55
238,toliary,IN,2020-04-15 04:33:19,11.67,92.75,83.91,72.0,94.0,5.79
239,catamarca,TO,2020-04-15 04:33:19,-19.8,-174.35,80.6,78.0,75.0,9.17
240,shihezi,NE,2020-04-15 04:33:20,18.69,12.92,81.18,13.0,0.0,5.7
241,provideniya,RU,2020-04-15 04:33:20,51.38,58.98,44.6,46.0,93.0,20.13
242,mandera,MY,2020-04-15 04:33:20,5.41,100.34,91.4,66.0,20.0,5.82
243,korla,MG,2020-04-15 04:33:20,-14.27,50.17,82.44,67.0,31.0,9.46
244,berlevag,IN,2020-04-15 04:33:20,26.91,70.92,97.38,17.0,27.0,13.44
245,gashua,AO,2020-04-15 04:33:20,-9.54,16.34,67.15,70.0,100.0,2.75
246,fortuna,RU,2020-04-15 04:33:20,50.37,119.1,57.51,24.0,68.0,12.55
247,warqla,CA,2020-04-15 04:33:20,65.28,-126.83,33.8,64.0,20.0,3.36
248,itarema,UA,2020-04-15 04:33:21,49.9,24.31,30.2,80.0,25.0,6.71
249,vaitupu,PT,2020-04-15 04:33:21,39.05,-27.98,55.78,70.0,35.0,24.81
250,babanusah,RU,2020-04-15 04:33:21,61.95,159.23,22.14,92.0,12.0,2.39
251,labe,GH,2020-04-15 04:33:21,4.87,-2.24,80.89,84.0,56.0,5.08
252,tibacuy,AU,2020-04-15 04:33:21,-37.83,140.77,78.8,22.0,100.0,17.22
253,nome,CL,2020-04-15 04:33:21,-33.73,-70.75,59.0,51.0,46.0,6.93
254,la libertad,CN,2020-04-15 04:33:22,36.62,101.77,70.92,8.0,7.0,7.63
255,nouadhibou,AU,2020-04-15 04:33:22,-28.77,114.6,77.0,41.0,38.0,18.34
256,jaciara,LK,2020-04-15 04:33:22,6.83,80.99,86.0,84.0,20.0,5.82
257,sovetskiy,AU,2020-04-15 04:29:02,-42.88,147.33,61.0,93.0,90.0,8.05
258,harper,RU,2020-04-15 04:33:22,52.78,126.53,53.49,33.0,0.0,4.72
259,anadyr,NZ,2020-04-15 04:33:22,-40.85,172.8,55.99,77.0,82.0,3.0
260,touros,US,2020-04-15 04:31:28,33.69,-78.89,70.0,94.0,20.0,8.05
261,phan rang,ID,2020-04-15 04:33:23,-8.19,114.97,87.8,74.0,20.0,5.82
262,trelew,CL,2020-04-15 04:33:23,-25.4,-70.48,60.17,75.0,30.0,0.98
263,port hedland,OM,2020-04-15 04:33:23,22.57,59.53,90.59,29.0,53.0,4.9
264,mayo,BR,2020-04-15 04:29:56,-7.02,-37.28,73.26,74.0,91.0,3.04
265,san jeronimo,RU,2020-04-15 04:33:23,70.63,147.92,-1.16,90.0,1.0,8.81
266,pavlovsk,ZM,2020-04-15 04:33:23,-13.47,25.0,66.4,63.0,70.0,3.24
267,milin,ID,2020-04-15 04:31:13,5.56,95.32,88.43,63.0,26.0,7.0
268,constantine,AU,2020-04-15 04:30:39,-35.12,139.27,86.0,19.0,100.0,11.79
269,paracale,IN,2020-04-15 04:33:24,29.68,73.62,97.3,10.0,86.0,4.25
270,port blair,GW,2020-04-15 04:33:24,11.28,-15.83,79.05,60.0,84.0,9.1
271,pangai,US,2020-04-15 04:33:24,42.16,-72.33,48.99,56.0,90.0,5.82
272,bilma,PT,2020-04-15 04:33:24,32.67,-17.1,57.99,58.0,20.0,3.36
273,novoorsk,CL,2020-04-15 04:33:25,-33.04,-71.63,51.8,93.0,29.0,6.93
274,george town,PL,2020-04-15 04:33:25,53.65,22.46,37.83,74.0,95.0,16.75
275,sambava,JP,2020-04-15 04:33:25,24.8,125.28,73.4,53.0,75.0,8.05
276,jaisalmer,CN,2020-04-15 04:33:19,30.42,103.46,75.2,41.0,40.0,2.24
277,malanje,RU,2020-04-15 04:32:06,65.85,74.49,30.43,98.0,93.0,12.26
278,priargunsk,NO,2020-04-15 04:33:26,66.87,13.71,37.99,78.0,20.0,19.46
279,norman wells,AU,2020-04-15 04:33:26,-33.87,121.9,69.8,49.0,90.0,23.04
280,novyy yarychiv,RU,2020-04-15 04:33:26,58.38,97.45,55.17,52.0,12.0,4.99
281,haibowan,NP,2020-04-15 04:33:26,29.27,82.18,65.23,20.0,59.0,4.03
282,lagoa,IT,2020-04-15 04:33:26,45.17,10.78,46.4,63.0,13.0,2.24
283,evensk,CG,2020-04-15 04:33:26,-4.76,11.86,79.12,90.0,100.0,5.03
284,axim,GH,2020-04-15 04:33:26,5.79,0.9,82.4,88.0,20.0,8.05
285,mount gambier,US,2020-04-15 04:33:27,55.34,-131.65,48.2,87.0,90.0,11.41
286,buin,BR,2020-04-15 04:33:27,1.0,-52.0,67.6,92.0,91.0,1.07
287,xining,NE,2020-04-15 04:33:27,18.74,7.39,82.27,12.0,0.0,6.67
288,geraldton,CA,2020-04-15 04:33:27,52.37,-114.92,30.06,68.0,100.0,18.03
289,bandarawela,GN,2020-04-15 04:33:27,11.75,-13.2,76.51,60.0,88.0,2.51
290,hobart,BB,2020-04-15 04:33:27,13.22,-59.52,78.8,74.0,40.0,13.87
291,ushumun,ID,2020-04-15 04:33:28,-0.87,134.08,83.95,68.0,88.0,3.06
292,takaka,NZ,2020-04-15 04:30:05,-45.87,170.5,52.0,70.0,100.0,3.0
293,myrtle beach,SB,2020-04-15 04:33:28,-8.14,159.59,85.66,71.0,80.0,7.38
294,banjar,VU,2020-04-15 04:33:28,-13.88,167.55,86.0,79.0,90.0,5.82
295,taltal,SO,2020-04-15 04:33:28,8.41,48.48,83.59,49.0,60.0,9.4
296,sur,US,2020-04-15 04:33:29,35.61,-77.37,64.99,76.0,90.0,4.7
297,patos,DZ,2020-04-15 04:33:29,36.26,2.75,57.2,93.0,20.0,6.93
298,chokurdakh,EG,2020-04-15 04:33:29,25.29,32.55,62.6,45.0,0.0,2.24
299,kalengwa,TH,2020-04-15 04:33:29,19.29,100.86,89.6,49.0,76.0,6.93
300,banda aceh,US,2020-04-15 04:30:13,35.76,-83.97,42.8,65.0,75.0,8.05
301,murray bridge,SO,2020-04-15 04:33:30,7.98,49.82,85.39,65.0,85.0,7.65
302,padampur,CA,2020-04-15 04:32:08,49.78,-92.75,15.8,61.0,1.0,6.93
303,bubaque,NA,2020-04-15 04:33:30,-26.65,15.16,60.8,63.0,3.0,8.05
304,palmer,NP,2020-04-15 04:32:06,27.72,85.32,73.4,53.0,75.0,2.24
305,ponta do sol,IN,2020-04-15 04:33:30,34.08,74.03,66.29,33.0,96.0,3.02
306,umzimvubu,RU,2020-04-15 04:33:30,60.73,77.59,42.8,45.0,100.0,8.95
307,valparaiso,UZ,2020-04-15 04:33:30,40.56,65.69,53.6,71.0,4.0,9.17
308,grajewo,ID,2020-04-15 04:33:31,1.74,98.78,85.95,71.0,77.0,3.78
309,hirara,ID,2020-04-15 04:32:08,-2.92,104.75,89.6,70.0,75.0,6.93
310,linqiong,KZ,2020-04-15 04:33:31,45.25,77.98,52.93,53.0,100.0,10.67
311,pangody,JP,2020-04-15 04:33:31,43.32,145.57,37.4,59.0,75.0,5.82
312,ornes,PG,2020-04-15 04:33:31,-2.57,150.8,83.57,73.0,61.0,5.26
313,esperance,GL,2020-04-15 04:33:31,61.99,-49.67,30.43,86.0,100.0,11.3
314,boguchany,RU,2020-04-15 04:33:32,52.52,111.54,50.0,31.0,97.0,8.88
315,jumla,MN,2020-04-15 04:33:32,45.76,106.27,40.8,36.0,71.0,33.35
316,tsihombe,ZA,2020-04-15 04:33:32,-25.43,31.95,66.0,96.0,94.0,5.1
317,mantua,RU,2020-04-15 04:33:32,53.45,56.04,50.95,52.0,91.0,14.16
318,loandjili,RU,2020-04-15 04:33:32,49.31,43.06,48.99,58.0,100.0,1.99
319,anloga,OM,2020-04-15 04:33:32,22.69,58.53,86.45,20.0,43.0,7.9
320,ketchikan,IS,2020-04-15 04:33:33,64.25,-15.21,36.91,75.0,64.0,15.12
321,amapa,PF,2020-04-15 04:33:33,-16.7,-151.02,84.04,66.0,21.0,6.44
322,arlit,CU,2020-04-15 04:33:33,22.52,-79.47,78.8,83.0,40.0,10.29
323,rocky mountain house,RU,2020-04-15 04:33:33,59.53,33.92,34.3,85.0,58.0,7.36
324,gaoual,LK,2020-04-15 04:33:33,7.49,80.36,86.0,79.0,20.0,2.24
325,bathsheba,CL,2020-04-15 04:33:33,-37.62,-73.65,52.48,74.0,100.0,3.11
326,manokwari,PG,2020-04-15 04:33:33,-2.67,141.3,84.04,75.0,80.0,6.49
327,dunedin,AO,2020-04-15 04:33:33,-6.13,12.37,79.65,88.0,92.0,4.92
328,buala,RO,2020-04-15 04:33:34,45.41,20.99,30.2,92.0,0.0,3.36
329,falealupo,VU,2020-04-15 04:33:34,-19.55,169.27,87.8,58.0,75.0,6.93
330,sola,FR,2020-04-15 04:31:21,48.85,2.35,42.01,60.0,0.0,9.17
331,garowe,JP,2020-04-15 04:33:34,33.73,135.98,64.4,48.0,99.0,5.82
332,greenville,AU,2020-04-15 04:33:34,-34.58,150.86,82.0,42.0,41.0,9.17
333,medea,NC,2020-04-15 04:33:34,-20.23,164.02,79.0,80.0,40.0,16.46
334,esna,TR,2020-04-15 04:33:34,37.68,31.72,52.47,28.0,100.0,10.63
335,chiang klang,FO,2020-04-15 04:33:35,62.0,-6.77,44.6,100.0,97.0,9.17
336,maryville,MG,2020-04-15 04:33:35,-25.17,45.05,82.24,52.0,0.0,5.64
337,eyl,RU,2020-04-15 04:33:35,57.82,114.0,49.66,44.0,0.0,0.85
338,dryden,CL,2020-04-15 04:33:35,-27.37,-70.33,60.8,82.0,13.0,3.36
339,luderitz,JP,2020-04-15 04:33:35,28.37,129.48,69.8,52.0,75.0,10.29
340,kathmandu,SA,2020-04-15 04:29:06,24.69,46.72,66.2,42.0,75.0,4.7
341,uri,CN,2020-04-15 04:33:36,29.04,114.56,80.53,35.0,0.0,4.88
342,louisbourg,AU,2020-04-15 04:33:36,-25.24,130.99,93.2,9.0,9.0,8.05
343,strezhevoy,PG,2020-04-15 04:33:36,-5.55,150.14,85.24,75.0,48.0,1.39
344,nurota,MZ,2020-04-15 04:33:36,-16.84,36.99,78.31,75.0,4.0,5.14
345,sibolga,SB,2020-04-15 04:33:37,-8.77,160.7,85.14,72.0,85.0,6.17
346,utiroa,LR,2020-04-15 04:33:37,5.88,-10.05,77.0,94.0,75.0,1.05
347,palembang,RU,2020-04-15 04:33:37,60.47,166.1,23.97,96.0,100.0,6.8
348,ushtobe,RU,2020-04-15 04:33:37,56.55,37.88,37.8,70.0,100.0,5.57
349,pravec,TH,2020-04-15 04:33:37,16.45,102.83,91.4,49.0,20.0,2.24
350,nemuro,RU,2020-04-15 04:33:37,52.78,78.79,51.6,44.0,89.0,13.8
351,kavieng,ES,2020-04-15 04:33:37,28.48,-16.41,64.0,76.0,33.0,4.7
352,paamiut,ID,2020-04-15 04:33:37,-3.01,114.39,91.4,59.0,40.0,6.93
353,sosnovo-ozerskoye,GQ,2020-04-15 04:33:38,1.57,9.61,78.8,100.0,40.0,2.24
354,mandalgovi,NG,2020-04-15 04:33:38,4.92,6.26,78.96,91.0,37.0,2.53
355,komatipoort,LK,2020-04-15 04:33:38,6.8,81.48,86.0,84.0,20.0,5.82
356,ishimbay,NZ,2020-04-15 04:33:38,-35.93,173.88,58.41,75.0,90.0,10.56
357,kletskaya,ES,2020-04-15 04:33:38,43.21,-8.69,55.99,93.0,100.0,5.82
358,ibra,SA,2020-04-15 04:33:38,25.02,37.27,74.79,45.0,0.0,7.76
359,hofn,UA,2020-04-15 04:33:38,49.49,29.26,30.2,74.0,0.0,8.95
360,fare,CA,2020-04-15 04:33:16,55.1,-105.28,15.8,56.0,5.0,2.42
361,caibarien,US,2020-04-15 04:33:39,36.29,-76.25,54.0,87.0,90.0,6.93
362,senno,ID,2020-04-15 04:33:39,-6.54,111.05,87.76,63.0,14.0,6.53
363,kurunegala,US,2020-04-15 04:33:39,41.37,-73.41,50.0,76.0,90.0,3.36
364,lebu,BR,2020-04-15 04:33:39,-9.88,-56.09,70.65,91.0,100.0,3.18
365,vanimo,UY,2020-04-15 04:29:26,-34.48,-54.33,58.23,89.0,100.0,25.66
366,soyo,CN,2020-04-15 04:33:39,22.82,113.67,80.01,56.0,88.0,6.71
367,giera,JP,2020-04-15 04:33:39,38.08,138.43,60.8,62.0,34.0,8.05
368,ruatoria,BR,2020-04-15 04:33:40,-19.76,-44.31,68.0,93.0,75.0,5.82
369,isangel,AO,2020-04-15 04:33:40,-17.07,15.73,69.64,49.0,25.0,1.83
370,paris,MX,2020-04-15 04:33:40,30.48,-115.95,60.87,79.0,0.0,8.52
371,shingu,GF,2020-04-15 04:33:40,5.38,-52.95,77.43,82.0,78.0,9.4
372,flinders,RU,2020-04-15 04:33:40,56.45,138.17,36.07,77.0,0.0,6.38
373,poum,RU,2020-04-15 04:33:40,62.55,155.55,15.26,87.0,100.0,4.05
374,beysehir,RU,2020-04-15 04:33:41,59.06,80.86,38.17,93.0,100.0,9.55
375,argir,BR,2020-04-15 04:30:30,-7.19,-48.21,70.16,89.0,100.0,4.59
376,beloha,RU,2020-04-15 04:33:41,61.4,47.5,41.92,74.0,100.0,12.64
377,mamakan,SY,2020-04-15 04:33:26,36.25,37.5,66.79,30.0,5.0,7.36
378,copiapo,RU,2020-04-15 04:33:41,67.47,78.7,16.2,90.0,4.0,9.17
379,naze,AU,2020-04-15 04:33:41,-21.15,149.2,78.8,74.0,40.0,24.16
380,riyadh,TD,2020-04-15 04:33:41,13.83,20.83,79.56,13.0,7.0,19.44
381,yining,CA,2020-04-15 04:33:42,47.38,-61.86,34.36,85.0,81.0,11.23
382,yulara,RU,2020-04-15 04:33:42,52.0,127.7,53.31,35.0,0.0,6.53
383,kimbe,MX,2020-04-15 04:33:42,18.73,-103.68,70.52,68.0,77.0,2.35
384,mocuba,CD,2020-04-15 04:33:42,1.24,23.62,76.87,72.0,84.0,3.56
385,hihifo,SO,2020-04-15 04:33:42,5.35,48.53,87.31,62.0,46.0,9.91
386,mocambique,CA,2020-04-15 04:33:42,50.23,-63.6,32.0,91.0,1.0,11.41
387,auki,MX,2020-04-15 04:33:42,21.28,-88.27,72.32,91.0,3.0,5.99
388,buchanan,TR,2020-04-15 04:33:43,39.64,34.47,58.73,34.0,97.0,13.11
389,tilichiki,RU,2020-04-15 04:33:43,65.58,-171.0,29.03,98.0,99.0,7.87
390,bogorodskoye,CO,2020-04-15 04:33:43,7.35,-73.9,74.57,90.0,68.0,0.92
391,khon kaen,CA,2020-04-15 04:33:43,53.37,-104.0,14.0,72.0,1.0,6.93
392,tabuny,RU,2020-04-15 04:33:43,66.32,-179.17,19.69,94.0,100.0,9.91
393,tacoronte,US,2020-04-15 04:33:44,40.77,-72.85,48.99,61.0,90.0,4.7
394,kualakapuas,NO,2020-04-15 04:33:44,70.37,31.11,35.6,90.0,40.0,16.11
395,mbini,NO,2020-04-15 04:33:44,59.92,5.78,45.0,100.0,90.0,24.16
396,yenagoa,PH,2020-04-15 04:33:44,11.0,122.67,90.25,49.0,23.0,10.74
397,wattegama,BY,2020-04-15 04:33:44,53.6,25.83,34.65,73.0,69.0,16.96
398,malwan,IS,2020-04-15 04:33:44,63.84,-22.43,37.4,75.0,75.0,20.8
399,dargaville,CA,2020-04-15 04:33:45,68.22,-135.01,33.8,69.0,75.0,3.36
400,carballo,US,2020-04-15 04:33:45,57.05,-135.33,46.4,87.0,90.0,1.05
401,umm lajj,BR,2020-04-15 04:33:45,-3.9,-38.39,82.4,74.0,75.0,1.12
402,pohrebyshche,PH,2020-04-15 04:33:45,14.31,121.11,93.0,59.0,20.0,6.93
403,la ronge,PE,2020-04-15 04:33:45,-11.33,-74.53,72.79,62.0,90.0,1.19
404,elizabeth city,TD,2020-04-15 04:33:45,10.28,15.37,81.81,13.0,49.0,4.81
405,tayu,VU,2020-04-15 04:33:46,-15.53,167.17,84.2,74.0,75.0,8.05
406,bethel,VE,2020-04-15 04:33:46,8.62,-70.21,79.11,45.0,34.0,3.33
407,alta floresta,JP,2020-04-15 04:33:46,37.05,140.88,64.4,25.0,20.0,8.05
408,rocha,MX,2020-04-15 04:33:46,20.8,-89.03,84.2,66.0,20.0,4.7
409,humen,BR,2020-04-15 04:33:46,-15.23,-59.34,68.86,88.0,99.0,3.38
410,ryotsu,RU,2020-04-15 04:33:46,63.05,179.32,24.69,96.0,100.0,9.82
411,esmeraldas,PG,2020-04-15 04:33:46,-6.12,141.29,92.25,53.0,82.0,2.86
412,ondjiva,BD,2020-04-15 04:33:47,24.59,88.27,104.86,19.0,6.0,9.62
413,san quintin,CA,2020-04-15 04:33:47,49.85,-124.54,60.8,71.0,20.0,13.87
414,sinnamary,ES,2020-04-15 04:33:47,29.06,-13.56,60.8,82.0,15.0,4.7
415,ayan,KR,2020-04-15 04:32:58,37.57,126.98,69.8,31.0,1.0,8.05
416,dukat,NO,2020-04-15 04:33:47,71.04,27.85,34.9,87.0,90.0,9.48
417,kargasok,PK,2020-04-15 04:29:57,25.12,62.33,80.55,66.0,0.0,7.05
418,araguaina,US,2020-04-15 04:33:47,42.25,-75.83,37.99,59.0,90.0,12.75
419,kharitonovo,SO,2020-04-15 04:33:48,2.78,45.5,88.03,57.0,84.0,8.9
420,aleppo,US,2020-04-15 04:33:48,46.53,-87.63,25.0,67.0,1.0,4.7
421,tazovskiy,AR,2020-04-15 04:33:48,-37.32,-59.13,50.0,77.0,0.0,7.0
422,mackay,TM,2020-04-15 04:33:48,38.05,58.21,51.8,71.0,20.0,4.7
423,abeche,CA,2020-04-15 04:31:03,47.6,-53.26,39.99,100.0,90.0,16.11
424,cap-aux-meules,BR,2020-04-15 04:33:49,-11.05,-45.19,69.69,83.0,100.0,2.93
425,shimanovsk,RU,2020-04-15 04:33:49,69.35,87.76,1.4,77.0,9.0,13.42
426,coahuayana,AR,2020-04-15 04:33:49,-41.15,-71.31,54.0,71.0,75.0,6.93
427,basoko,ML,2020-04-15 04:33:49,18.44,1.41,77.31,25.0,58.0,13.11
428,hobyo,BF,2020-04-15 04:33:50,12.47,-3.47,81.1,42.0,37.0,16.35
429,havre-saint-pierre,US,2020-04-15 04:33:50,37.97,-122.56,66.2,41.0,1.0,4.0
430,panaba,NZ,2020-04-15 04:33:50,-35.17,173.17,60.89,72.0,83.0,12.77
431,yerkoy,VE,2020-04-15 04:33:50,9.44,-64.47,75.15,63.0,9.0,5.97
432,lavrentiya,RO,2020-04-15 04:33:50,46.43,26.4,34.0,80.0,29.0,5.82
433,puerto wilches,RU,2020-04-15 04:33:51,65.85,44.24,37.9,83.0,100.0,13.2
434,dinsor,BW,2020-04-15 04:33:51,-20.75,26.65,73.33,36.0,42.0,8.77
435,nipawin,GL,2020-04-15 04:33:51,60.14,-45.24,30.16,95.0,99.0,13.65
436,egvekinot,IN,2020-04-15 04:33:51,21.73,84.35,105.73,12.0,0.0,5.32
437,mastic beach,MU,2020-04-15 04:33:51,-19.98,57.61,79.0,78.0,75.0,14.99
438,vardo,OM,2020-04-15 04:33:51,17.02,54.09,82.4,69.0,75.0,9.17
439,hellvik,BR,2020-04-15 04:33:51,-17.71,-39.25,74.84,89.0,12.0,4.36
440,dingle,CA,2020-04-15 04:33:52,51.23,-58.65,28.44,92.0,15.0,11.97
441,navahrudak,CL,2020-04-15 04:33:52,-41.32,-72.99,51.8,87.0,90.0,16.11
442,grindavik,CF,2020-04-15 04:33:52,4.95,23.92,77.34,57.0,80.0,1.43
443,aklavik,CA,2020-04-15 04:30:14,43.75,-81.72,36.0,66.0,44.0,14.27
444,sitka,US,2020-04-15 04:33:52,34.38,-86.33,45.0,74.0,40.0,8.05
445,aquiraz,GB,2020-04-15 04:30:08,51.38,1.39,45.0,70.0,99.0,6.38
446,santa rosa,MR,2020-04-15 04:33:52,20.52,-13.05,65.62,35.0,0.0,8.37
447,mazamari,MX,2020-04-15 04:33:52,21.52,-105.27,71.6,45.0,22.0,3.4
448,bongor,MM,2020-04-15 04:33:52,22.92,96.5,94.28,15.0,71.0,5.01
449,luganville,BS,2020-04-15 04:33:53,26.54,-77.06,75.63,85.0,74.0,16.75
450,barinas,ES,2020-04-15 04:33:53,42.78,-9.06,57.0,81.0,20.0,6.93
451,iwaki,ID,2020-04-15 04:33:53,-5.67,132.75,83.61,71.0,90.0,2.73
452,kantunil,ES,2020-04-15 04:33:53,28.66,-17.92,66.2,59.0,66.0,8.05
453,pontes e lacerda,RU,2020-04-15 04:33:53,53.69,50.05,44.6,45.0,20.0,13.42
454,beringovskiy,IR,2020-04-15 04:33:53,36.25,46.27,53.71,25.0,0.0,2.21
455,kiunga,AU,2020-04-15 04:33:53,-20.74,116.85,92.68,39.0,31.0,7.56
456,nawabganj,PT,2020-04-15 04:33:54,33.07,-16.34,60.8,67.0,75.0,16.11
457,powell river,CN,2020-04-15 04:33:54,39.23,106.34,63.0,25.0,99.0,5.01
458,teguise,NO,2020-04-15 04:33:54,68.41,16.0,39.0,100.0,87.0,14.99
459,seoul,TR,2020-04-15 04:33:54,39.92,44.05,50.0,39.0,46.0,3.36
460,marcona,RU,2020-04-15 04:33:54,51.48,107.36,50.0,37.0,95.0,17.9
461,mehamn,AO,2020-04-15 04:33:55,-8.42,20.74,70.12,72.0,100.0,0.29
462,gwadar,LY,2020-04-15 04:33:55,29.03,21.55,75.81,17.0,86.0,14.72
463,broome,US,2020-04-15 04:33:55,41.73,-93.61,28.99,100.0,90.0,9.17
464,jawhar,KZ,2020-04-15 04:33:55,47.8,67.71,50.0,39.0,0.0,11.18
465,marquette,PE,2020-04-15 04:33:55,-11.1,-77.61,71.15,77.0,11.0,6.73
466,tandil,RU,2020-04-15 04:33:56,52.27,79.17,51.75,44.0,98.0,13.38
467,samalaeulu,NZ,2020-04-15 04:33:56,-35.1,173.78,62.01,69.0,68.0,8.99
468,balykshi,JP,2020-04-15 04:33:56,32.69,128.84,64.4,55.0,75.0,9.17
469,buzmeyin,US,2020-04-15 04:33:56,34.88,-76.9,64.4,82.0,90.0,3.36
470,bay roberts,RU,2020-04-15 04:33:56,53.39,48.68,50.65,51.0,49.0,14.81
471,formosa do rio preto,CN,2020-04-15 04:33:57,22.79,100.97,86.99,19.0,0.0,5.1
472,kayerkan,ID,2020-04-15 04:33:57,-0.73,119.89,87.15,57.0,97.0,3.51
473,san carlos de bariloche,CA,2020-04-15 04:29:46,49.5,-98.0,25.0,100.0,1.0,4.18
474,kidal,US,2020-04-15 04:31:00,42.77,-73.7,42.8,38.0,90.0,7.67
475,dedougou,US,2020-04-15 04:30:01,44.88,-91.92,24.8,73.0,75.0,4.7
476,san anselmo,SO,2020-04-15 04:31:18,2.04,45.34,84.2,74.0,75.0,4.7
477,ahipara,GB,2020-04-15 04:33:58,56.64,-2.89,39.0,86.0,73.0,6.93
478,anaco,RU,2020-04-15 04:33:58,55.81,66.77,43.09,65.0,59.0,14.72
479,sinkat,NO,2020-04-15 04:33:58,59.92,5.32,45.0,100.0,90.0,24.16
480,asau,IT,2020-04-15 04:30:02,40.83,14.25,53.01,45.0,7.0,11.41
481,mezen,CM,2020-04-15 04:33:58,4.43,14.37,73.67,73.0,98.0,1.61
482,mosetse,NA,2020-04-15 04:33:59,-22.12,14.28,55.99,93.0,0.0,1.99
483,nanortalik,CA,2020-04-15 04:33:59,49.75,-77.63,15.8,72.0,1.0,8.05
484,kochinda,JP,2020-04-15 04:33:59,32.45,130.2,68.0,32.0,75.0,3.36
485,cap malheureux,RU,2020-04-15 04:33:59,51.4,128.13,54.0,36.0,0.0,8.37
486,salalah,NZ,2020-04-15 04:33:59,-41.29,174.78,55.99,50.0,92.0,8.05
487,caravelas,ZA,2020-04-15 04:33:59,-33.01,17.94,53.6,87.0,100.0,2.24
488,saint-augustin,MY,2020-04-15 04:33:59,2.43,103.84,91.4,70.0,40.0,6.93
489,puerto varas,CA,2020-04-15 04:34:00,50.23,-99.47,19.4,73.0,20.0,3.36
490,rafai,MX,2020-04-15 04:34:00,30.58,-111.1,64.78,21.0,0.0,6.42
491,goderich,GB,2020-04-15 04:34:00,60.4,-1.35,46.4,81.0,99.0,23.04
492,marshall,FR,2020-04-15 04:34:00,45.88,0.9,48.99,39.0,0.0,8.05
493,margate,US,2020-04-15 04:34:00,29.95,-91.75,57.2,66.0,1.0,11.41
494,atar,IR,2020-04-15 04:34:00,29.23,56.61,57.0,16.0,62.0,9.73
495,san blas,CL,2020-04-15 04:34:00,-45.58,-72.07,48.2,87.0,90.0,2.24
496,mogok,DE,2020-04-15 04:34:01,48.24,10.36,30.0,68.0,3.0,6.93
497,marsh harbour,VN,2020-04-15 04:34:01,9.29,105.72,88.48,59.0,76.0,17.07
498,muros,PK,2020-04-15 04:34:01,30.92,66.45,65.75,26.0,0.0,6.08
499,tual,ZA,2020-04-15 04:34:01,-34.05,23.37,61.47,65.0,0.0,3.2
500,los llanos de aridane,RU,2020-04-15 04:34:02,62.53,155.8,18.41,88.0,100.0,5.68
501,novyy buyan,RU,2020-04-15 04:33:04,60.73,114.93,47.35,60.0,76.0,4.34
502,saqqez,CL,2020-04-15 04:34:02,-36.72,-73.12,53.6,87.0,99.0,1.21
503,karratha,SN,2020-04-15 04:34:02,12.56,-12.17,79.7,55.0,97.0,2.06
504,porto santo,DZ,2020-04-15 04:34:02,36.39,4.4,57.2,87.0,75.0,6.93
505,shitanjing,CN,2020-04-15 04:34:02,29.96,122.3,56.71,83.0,54.0,9.64
506,karaul,AU,2020-04-15 04:34:02,-20.73,139.5,95.0,26.0,54.0,9.17
507,lodingen,AU,2020-04-15 04:34:03,-32.58,151.78,82.99,37.0,57.0,9.17
508,igdir,KZ,2020-04-15 04:34:03,48.57,83.65,51.75,48.0,99.0,5.7
509,tarbagatay,RU,2020-04-15 04:34:03,63.46,48.9,38.62,75.0,41.0,12.59
510,lucapa,CN,2020-04-15 04:34:03,18.8,110.4,77.58,64.0,67.0,4.65
511,jalu,RU,2020-04-15 04:34:03,51.37,110.47,48.49,41.0,99.0,7.72
512,ankeny,DO,2020-04-15 04:34:04,19.21,-69.34,75.36,87.0,11.0,9.51
513,talawdi,CA,2020-04-15 04:34:04,47.1,-55.77,35.69,85.0,47.0,8.41
514,zhezkazgan,CN,2020-04-15 04:34:04,35.16,112.86,86.0,99.0,38.0,7.65
515,hualmay,BY,2020-04-15 04:34:04,52.63,29.73,36.59,72.0,22.0,15.48
516,klyuchi,JP,2020-04-15 04:34:04,34.98,139.87,68.0,42.0,75.0,13.87
517,kaeo,ID,2020-04-15 04:34:04,-8.12,111.89,88.25,59.0,72.0,2.55
518,fukue,UA,2020-04-15 04:34:04,49.79,32.7,41.22,63.0,36.0,14.34
519,havelock,BO,2020-04-15 04:34:04,-16.95,-67.55,40.48,29.0,70.0,2.91
520,shigony,IL,2020-04-15 04:30:00,31.61,34.76,61.0,87.0,0.0,5.82
521,umm durman,AU,2020-04-15 04:34:05,-28.87,153.57,81.0,53.0,1.0,10.29
522,simao,RU,2020-04-15 04:34:05,66.42,112.4,17.6,48.0,99.0,8.95
523,liku,LY,2020-04-15 04:34:05,29.16,16.14,80.22,19.0,24.0,6.82
524,carman,CN,2020-04-15 04:34:05,38.93,100.45,70.72,15.0,17.0,12.75
525,cohoes,CO,2020-04-15 04:34:06,11.78,-72.44,78.53,79.0,11.0,11.3
526,menomonie,US,2020-04-15 04:34:06,21.35,-158.09,78.8,78.0,90.0,1.54
527,mogadishu,LK,2020-04-15 04:34:06,8.57,81.23,90.45,54.0,7.0,5.41
528,satitoa,RU,2020-04-15 04:32:04,43.74,135.29,41.29,68.0,31.0,5.73
529,forfar,CA,2020-04-15 04:34:06,60.75,-137.51,33.24,70.0,85.0,4.34
530,mokrousovo,PT,2020-04-15 04:34:06,41.54,-8.62,55.4,82.0,40.0,6.93
531,fitjar,MU,2020-04-15 04:34:06,-20.21,57.76,79.0,78.0,75.0,14.99
532,naples,ZM,2020-04-15 04:34:07,-9.37,30.12,66.54,62.0,96.0,3.29
533,batouri,IN,2020-04-15 04:34:07,27.52,88.53,85.12,20.0,10.0,7.05
534,henties bay,RU,2020-04-15 04:34:07,58.05,63.7,46.36,53.0,20.0,4.07
535,matagami,CN,2020-04-15 04:34:07,42.8,93.45,76.35,18.0,48.0,4.38
536,hondo,US,2020-04-15 04:31:30,37.46,-122.43,66.0,20.0,1.0,4.7
537,svobodnyy,CA,2020-04-15 04:32:41,49.78,-74.85,21.2,67.0,90.0,6.93
538,wellington,MX,2020-04-15 04:34:07,21.65,-101.5,59.9,16.0,32.0,7.02
539,saldanha,PE,2020-04-15 04:34:07,-15.27,-72.34,40.98,21.0,72.0,0.83
540,mersing,CN,2020-04-15 04:34:08,27.81,114.67,78.44,45.0,0.0,4.32
541,neepawa,ML,2020-04-15 04:34:08,16.41,-3.67,79.63,44.0,100.0,13.09
542,caborca,US,2020-04-15 04:34:08,36.62,-121.92,62.01,59.0,1.0,6.93
543,brae,VN,2020-04-15 04:29:41,22.67,106.25,76.32,51.0,74.0,5.28
544,saint-junien,SR,2020-04-15 04:34:08,4.75,-55.17,70.68,87.0,86.0,2.04
545,iberia,MA,2020-04-15 04:34:08,29.58,-9.5,55.04,53.0,0.0,2.06
546,baft,US,2020-04-15 04:33:19,40.66,-73.58,50.0,61.0,20.0,9.17
547,coihaique,RU,2020-04-15 04:34:09,53.24,42.2,44.33,78.0,100.0,17.27
548,ust-kamchatsk,PG,2020-04-15 04:34:09,-2.02,147.27,84.38,68.0,45.0,3.78
549,krumbach,NC,2020-04-15 04:34:09,-22.67,167.48,74.64,77.0,92.0,15.77
550,bac lieu,SY,2020-04-15 04:34:09,35.3,37.18,67.57,28.0,0.0,6.35
551,chaman,US,2020-04-15 04:34:09,45.02,-93.22,25.0,53.0,1.0,9.17
552,plettenberg bay,CN,2020-04-15 04:34:09,38.7,116.09,81.01,26.0,64.0,13.24
553,omsukchan,DE,2020-04-15 04:34:10,47.9,8.17,37.0,74.0,10.0,4.7
554,lensk,AX,2020-04-15 04:30:16,60.1,19.93,39.2,93.0,75.0,6.93
555,talcahuano,ID,2020-04-15 04:34:10,-8.05,111.72,88.93,57.0,68.0,3.0
556,rawannawi,CA,2020-04-15 04:30:18,58.81,-122.7,41.0,79.0,75.0,8.05
557,kedougou,IN,2020-04-15 04:34:10,22.24,68.97,80.24,78.0,4.0,13.85
558,tazmalt,CF,2020-04-15 04:34:10,6.54,21.99,78.93,50.0,11.0,2.42
559,shenjiamen,RU,2020-04-15 04:34:10,66.77,123.37,19.18,92.0,57.0,14.07
560,mount isa,AR,2020-04-15 04:34:10,-45.87,-67.5,48.2,81.0,78.0,11.14
561,clarence town,AU,2020-04-15 04:34:11,-38.27,141.97,72.52,37.0,100.0,11.14
562,kurchum,RU,2020-04-15 04:34:11,66.83,70.83,32.52,98.0,100.0,11.05
563,koslan,US,2020-04-15 04:34:11,26.76,-81.44,81.0,88.0,40.0,6.55
564,wanning,PE,2020-04-15 04:34:11,-5.56,-80.82,73.67,76.0,26.0,7.87
565,khilok,ES,2020-04-15 04:34:11,42.25,-2.5,53.6,87.0,75.0,6.93
566,samana,US,2020-04-15 04:32:48,35.54,-100.96,39.2,92.0,1.0,8.05
567,grand bank,CN,2020-04-15 04:34:12,35.6,103.21,71.37,10.0,4.0,5.88
568,xixiang,ET,2020-04-15 04:34:12,7.13,40.7,69.24,42.0,19.0,4.03
569,svetlogorsk,AU,2020-04-15 04:34:12,-34.57,146.4,80.6,29.0,41.0,10.29
570,tateyama,CA,2020-04-15 04:34:12,50.03,-66.87,33.8,43.0,20.0,17.22
571,boyolangu,GD,2020-04-15 04:34:12,12.06,-61.75,78.8,83.0,20.0,5.82
572,orzhytsya,MX,2020-04-15 04:34:12,20.22,-96.78,78.08,88.0,99.0,9.33
573,viloco,US,2020-04-15 04:32:21,39.77,-86.16,36.0,59.0,1.0,6.15
574,gat,US,2020-04-15 04:34:13,36.73,-108.22,37.4,12.0,1.0,5.82
575,ballina,PF,2020-04-15 04:34:13,-16.48,-151.75,83.21,66.0,17.0,6.98
